exchange,product,trade_date,check,reason
INE,SC,2018-05-02,night_authority_conflict,"session_authority_error: check=night_authority_conflict; reason=observed night interval conflicts with repository authority; row_identity={'exchange': 'INE', 'product': 'SC', 'trade_date': '2018-05-02'}; context={'day_only_matches': 0, 'observed_night_end': 'none', 'observed_night_start': 'none', 'session_exception_matches': 0}"
INE,SC,2018-06-19,night_authority_conflict,"session_authority_error: check=night_authority_conflict; reason=observed night interval conflicts with repository authority; row_identity={'exchange': 'INE', 'product': 'SC', 'trade_date': '2018-06-19'}; context={'day_only_matches': 0, 'observed_night_end': 'none', 'observed_night_start': 'none', 'session_exception_matches': 0}"
DCE,EG,2019-02-01,night_authority_conflict,"session_authority_error: check=night_authority_conflict; reason=observed night interval conflicts with repository authority; row_identity={'exchange': 'DCE', 'product': 'EG', 'trade_date': '2019-02-01'}; context={'day_only_matches': 0, 'observed_night_end': 'none', 'observed_night_start': 'none', 'session_exception_matches': 0}"
DCE,EG,2019-02-12,night_authority_conflict,"session_authority_error: check=night_authority_conflict; reason=observed night interval conflicts with repository authority; row_identity={'exchange': 'DCE', 'product': 'EG', 'trade_date': '2019-02-12'}; context={'day_only_matches': 0, 'observed_night_end': 'none', 'observed_night_start': 'none', 'session_exception_matches': 0}"
DCE,EG,2019-02-13,night_authority_conflict,"session_authority_error: check=night_authority_conflict; reason=observed night interval conflicts with repository authority; row_identity={'exchange': 'DCE', 'product': 'EG', 'trade_date': '2019-02-13'}; context={'day_only_matches': 0, 'observed_night_end': 'none', 'observed_night_start': 'none', 'session_exception_matches': 0}"
DCE,EG,2019-02-14,night_authority_conflict,"session_authority_error: check=night_authority_conflict; reason=observed night interval conflicts with repository authority; row_identity={'exchange': 'DCE', 'product': 'EG', 'trade_date': '2019-02-14'}; context={'day_only_matches': 0, 'observed_night_end': 'none', 'observed_night_start': 'none', 'session_exception_matches': 0}"
DCE,EG,2019-02-15,night_authority_conflict,"session_authority_error: check=night_authority_conflict; reason=observed night interval conflicts with repository authority; row_identity={'exchange': 'DCE', 'product': 'EG', 'trade_date': '2019-02-15'}; context={'day_only_matches': 0, 'observed_night_end': 'none', 'observed_night_start': 'none', 'session_exception_matches': 0}"
DCE,EG,2019-02-18,night_authority_conflict,"session_authority_error: check=night_authority_conflict; reason=observed night interval conflicts with repository authority; row_identity={'exchange': 'DCE', 'product': 'EG', 'trade_date': '2019-02-18'}; context={'day_only_matches': 0, 'observed_night_end': 'none', 'observed_night_start': 'none', 'session_exception_matches': 0}"
DCE,EG,2019-02-19,night_authority_conflict,"session_authority_error: check=night_authority_conflict; reason=observed night interval conflicts with repository authority; row_identity={'exchange': 'DCE', 'product': 'EG', 'trade_date': '2019-02-19'}; context={'day_only_matches': 0, 'observed_night_end': 'none', 'observed_night_start': 'none', 'session_exception_matches': 0}"
DCE,EG,2019-02-20,night_authority_conflict,"session_authority_error: check=night_authority_conflict; reason=observed night interval conflicts with repository authority; row_identity={'exchange': 'DCE', 'product': 'EG', 'trade_date': '2019-02-20'}; context={'day_only_matches': 0, 'observed_night_end': 'none', 'observed_night_start': 'none', 'session_exception_matches': 0}"
DCE,EG,2019-02-21,night_authority_conflict,"session_authority_error: check=night_authority_conflict; reason=observed night interval conflicts with repository authority; row_identity={'exchange': 'DCE', 'product': 'EG', 'trade_date': '2019-02-21'}; context={'day_only_matches': 0, 'observed_night_end': 'none', 'observed_night_start': 'none', 'session_exception_matches': 0}"
DCE,EG,2019-02-22,night_authority_conflict,"session_authority_error: check=night_authority_conflict; reason=observed night interval conflicts with repository authority; row_identity={'exchange': 'DCE', 'product': 'EG', 'trade_date': '2019-02-22'}; context={'day_only_matches': 0, 'observed_night_end': 'none', 'observed_night_start': 'none', 'session_exception_matches': 0}"
DCE,EG,2019-02-25,night_authority_conflict,"session_authority_error: check=night_authority_conflict; reason=observed night interval conflicts with repository authority; row_identity={'exchange': 'DCE', 'product': 'EG', 'trade_date': '2019-02-25'}; context={'day_only_matches': 0, 'observed_night_end': 'none', 'observed_night_start': 'none', 'session_exception_matches': 0}"
DCE,EG,2019-02-26,night_authority_conflict,"session_authority_error: check=night_authority_conflict; reason=observed night interval conflicts with repository authority; row_identity={'exchange': 'DCE', 'product': 'EG', 'trade_date': '2019-02-26'}; context={'day_only_matches': 0, 'observed_night_end': 'none', 'observed_night_start': 'none', 'session_exception_matches': 0}"
DCE,EG,2019-02-27,night_authority_conflict,"session_authority_error: check=night_authority_conflict; reason=observed night interval conflicts with repository authority; row_identity={'exchange': 'DCE', 'product': 'EG', 'trade_date': '2019-02-27'}; context={'day_only_matches': 0, 'observed_night_end': 'none', 'observed_night_start': 'none', 'session_exception_matches': 0}"
DCE,EG,2019-02-28,night_authority_conflict,"session_authority_error: check=night_authority_conflict; reason=observed night interval conflicts with repository authority; row_identity={'exchange': 'DCE', 'product': 'EG', 'trade_date': '2019-02-28'}; context={'day_only_matches': 0, 'observed_night_end': 'none', 'observed_night_start': 'none', 'session_exception_matches': 0}"
DCE,EG,2019-03-01,night_authority_conflict,"session_authority_error: check=night_authority_conflict; reason=observed night interval conflicts with repository authority; row_identity={'exchange': 'DCE', 'product': 'EG', 'trade_date': '2019-03-01'}; context={'day_only_matches': 0, 'observed_night_end': 'none', 'observed_night_start': 'none', 'session_exception_matches': 0}"
DCE,EG,2019-03-04,night_authority_conflict,"session_authority_error: check=night_authority_conflict; reason=observed night interval conflicts with repository authority; row_identity={'exchange': 'DCE', 'product': 'EG', 'trade_date': '2019-03-04'}; context={'day_only_matches': 0, 'observed_night_end': 'none', 'observed_night_start': 'none', 'session_exception_matches': 0}"
DCE,EG,2019-03-05,night_authority_conflict,"session_authority_error: check=night_authority_conflict; reason=observed night interval conflicts with repository authority; row_identity={'exchange': 'DCE', 'product': 'EG', 'trade_date': '2019-03-05'}; context={'day_only_matches': 0, 'observed_night_end': 'none', 'observed_night_start': 'none', 'session_exception_matches': 0}"
DCE,EG,2019-03-06,night_authority_conflict,"session_authority_error: check=night_authority_conflict; reason=observed night interval conflicts with repository authority; row_identity={'exchange': 'DCE', 'product': 'EG', 'trade_date': '2019-03-06'}; context={'day_only_matches': 0, 'observed_night_end': 'none', 'observed_night_start': 'none', 'session_exception_matches': 0}"
DCE,EG,2019-03-07,night_authority_conflict,"session_authority_error: check=night_authority_conflict; reason=observed night interval conflicts with repository authority; row_identity={'exchange': 'DCE', 'product': 'EG', 'trade_date': '2019-03-07'}; context={'day_only_matches': 0, 'observed_night_end': 'none', 'observed_night_start': 'none', 'session_exception_matches': 0}"
DCE,EG,2019-03-08,night_authority_conflict,"session_authority_error: check=night_authority_conflict; reason=observed night interval conflicts with repository authority; row_identity={'exchange': 'DCE', 'product': 'EG', 'trade_date': '2019-03-08'}; context={'day_only_matches': 0, 'observed_night_end': 'none', 'observed_night_start': 'none', 'session_exception_matches': 0}"
DCE,EG,2019-03-11,night_authority_conflict,"session_authority_error: check=night_authority_conflict; reason=observed night interval conflicts with repository authority; row_identity={'exchange': 'DCE', 'product': 'EG', 'trade_date': '2019-03-11'}; context={'day_only_matches': 0, 'observed_night_end': 'none', 'observed_night_start': 'none', 'session_exception_matches': 0}"
DCE,EG,2019-03-12,night_authority_conflict,"session_authority_error: check=night_authority_conflict; reason=observed night interval conflicts with repository authority; row_identity={'exchange': 'DCE', 'product': 'EG', 'trade_date': '2019-03-12'}; context={'day_only_matches': 0, 'observed_night_end': 'none', 'observed_night_start': 'none', 'session_exception_matches': 0}"
DCE,EG,2019-03-13,night_authority_conflict,"session_authority_error: check=night_authority_conflict; reason=observed night interval conflicts with repository authority; row_identity={'exchange': 'DCE', 'product': 'EG', 'trade_date': '2019-03-13'}; context={'day_only_matches': 0, 'observed_night_end': 'none', 'observed_night_start': 'none', 'session_exception_matches': 0}"
DCE,EG,2019-03-14,night_authority_conflict,"session_authority_error: check=night_authority_conflict; reason=observed night interval conflicts with repository authority; row_identity={'exchange': 'DCE', 'product': 'EG', 'trade_date': '2019-03-14'}; context={'day_only_matches': 0, 'observed_night_end': 'none', 'observed_night_start': 'none', 'session_exception_matches': 0}"
DCE,EG,2019-03-15,night_authority_conflict,"session_authority_error: check=night_authority_conflict; reason=observed night interval conflicts with repository authority; row_identity={'exchange': 'DCE', 'product': 'EG', 'trade_date': '2019-03-15'}; context={'day_only_matches': 0, 'observed_night_end': 'none', 'observed_night_start': 'none', 'session_exception_matches': 0}"
DCE,EG,2019-03-18,night_authority_conflict,"session_authority_error: check=night_authority_conflict; reason=observed night interval conflicts with repository authority; row_identity={'exchange': 'DCE', 'product': 'EG', 'trade_date': '2019-03-18'}; context={'day_only_matches': 0, 'observed_night_end': 'none', 'observed_night_start': 'none', 'session_exception_matches': 0}"
DCE,EG,2019-03-19,night_authority_conflict,"session_authority_error: check=night_authority_conflict; reason=observed night interval conflicts with repository authority; row_identity={'exchange': 'DCE', 'product': 'EG', 'trade_date': '2019-03-19'}; context={'day_only_matches': 0, 'observed_night_end': 'none', 'observed_night_start': 'none', 'session_exception_matches': 0}"
DCE,EG,2019-03-20,night_authority_conflict,"session_authority_error: check=night_authority_conflict; reason=observed night interval conflicts with repository authority; row_identity={'exchange': 'DCE', 'product': 'EG', 'trade_date': '2019-03-20'}; context={'day_only_matches': 0, 'observed_night_end': 'none', 'observed_night_start': 'none', 'session_exception_matches': 0}"
DCE,EG,2019-03-21,night_authority_conflict,"session_authority_error: check=night_authority_conflict; reason=observed night interval conflicts with repository authority; row_identity={'exchange': 'DCE', 'product': 'EG', 'trade_date': '2019-03-21'}; context={'day_only_matches': 0, 'observed_night_end': 'none', 'observed_night_start': 'none', 'session_exception_matches': 0}"
DCE,EG,2019-03-22,night_authority_conflict,"session_authority_error: check=night_authority_conflict; reason=observed night interval conflicts with repository authority; row_identity={'exchange': 'DCE', 'product': 'EG', 'trade_date': '2019-03-22'}; context={'day_only_matches': 0, 'observed_night_end': 'none', 'observed_night_start': 'none', 'session_exception_matches': 0}"
DCE,EG,2019-03-25,night_authority_conflict,"session_authority_error: check=night_authority_conflict; reason=observed night interval conflicts with repository authority; row_identity={'exchange': 'DCE', 'product': 'EG', 'trade_date': '2019-03-25'}; context={'day_only_matches': 0, 'observed_night_end': 'none', 'observed_night_start': 'none', 'session_exception_matches': 0}"
DCE,EG,2019-03-26,night_authority_conflict,"session_authority_error: check=night_authority_conflict; reason=observed night interval conflicts with repository authority; row_identity={'exchange': 'DCE', 'product': 'EG', 'trade_date': '2019-03-26'}; context={'day_only_matches': 0, 'observed_night_end': 'none', 'observed_night_start': 'none', 'session_exception_matches': 0}"
DCE,EG,2019-03-27,night_authority_conflict,"session_authority_error: check=night_authority_conflict; reason=observed night interval conflicts with repository authority; row_identity={'exchange': 'DCE', 'product': 'EG', 'trade_date': '2019-03-27'}; context={'day_only_matches': 0, 'observed_night_end': 'none', 'observed_night_start': 'none', 'session_exception_matches': 0}"
DCE,EG,2019-03-28,night_authority_conflict,"session_authority_error: check=night_authority_conflict; reason=observed night interval conflicts with repository authority; row_identity={'exchange': 'DCE', 'product': 'EG', 'trade_date': '2019-03-28'}; context={'day_only_matches': 0, 'observed_night_end': 'none', 'observed_night_start': 'none', 'session_exception_matches': 0}"
DCE,EG,2019-03-29,night_authority_conflict,"session_authority_error: check=night_authority_conflict; reason=observed night interval conflicts with repository authority; row_identity={'exchange': 'DCE', 'product': 'EG', 'trade_date': '2019-03-29'}; context={'day_only_matches': 0, 'observed_night_end': 'none', 'observed_night_start': 'none', 'session_exception_matches': 0}"
SHFE,AU,2019-12-26,session_exception_unconsumed,loaded session exception was never consumed by an audited product-day observation
GFEX,PT,2026-01-05,night_authority_conflict,"session_authority_error: check=night_authority_conflict; reason=observed night interval conflicts with repository authority; row_identity={'exchange': 'GFEX', 'product': 'PT', 'trade_date': '2026-01-05'}; context={'day_only_matches': 0, 'observed_night_end': 'none', 'observed_night_start': 'none', 'session_exception_matches': 0}"
GFEX,PT,2026-01-06,night_authority_conflict,"session_authority_error: check=night_authority_conflict; reason=observed night interval conflicts with repository authority; row_identity={'exchange': 'GFEX', 'product': 'PT', 'trade_date': '2026-01-06'}; context={'day_only_matches': 0, 'observed_night_end': 'none', 'observed_night_start': 'none', 'session_exception_matches': 0}"
GFEX,PT,2026-01-07,night_authority_conflict,"session_authority_error: check=night_authority_conflict; reason=observed night interval conflicts with repository authority; row_identity={'exchange': 'GFEX', 'product': 'PT', 'trade_date': '2026-01-07'}; context={'day_only_matches': 0, 'observed_night_end': 'none', 'observed_night_start': 'none', 'session_exception_matches': 0}"
GFEX,PT,2026-01-08,night_authority_conflict,"session_authority_error: check=night_authority_conflict; reason=observed night interval conflicts with repository authority; row_identity={'exchange': 'GFEX', 'product': 'PT', 'trade_date': '2026-01-08'}; context={'day_only_matches': 0, 'observed_night_end': 'none', 'observed_night_start': 'none', 'session_exception_matches': 0}"
GFEX,PT,2026-01-09,night_authority_conflict,"session_authority_error: check=night_authority_conflict; reason=observed night interval conflicts with repository authority; row_identity={'exchange': 'GFEX', 'product': 'PT', 'trade_date': '2026-01-09'}; context={'day_only_matches': 0, 'observed_night_end': 'none', 'observed_night_start': 'none', 'session_exception_matches': 0}"
GFEX,PT,2026-01-12,night_authority_conflict,"session_authority_error: check=night_authority_conflict; reason=observed night interval conflicts with repository authority; row_identity={'exchange': 'GFEX', 'product': 'PT', 'trade_date': '2026-01-12'}; context={'day_only_matches': 0, 'observed_night_end': 'none', 'observed_night_start': 'none', 'session_exception_matches': 0}"
GFEX,PT,2026-01-13,night_authority_conflict,"session_authority_error: check=night_authority_conflict; reason=observed night interval conflicts with repository authority; row_identity={'exchange': 'GFEX', 'product': 'PT', 'trade_date': '2026-01-13'}; context={'day_only_matches': 0, 'observed_night_end': 'none', 'observed_night_start': 'none', 'session_exception_matches': 0}"
GFEX,PT,2026-01-14,night_authority_conflict,"session_authority_error: check=night_authority_conflict; reason=observed night interval conflicts with repository authority; row_identity={'exchange': 'GFEX', 'product': 'PT', 'trade_date': '2026-01-14'}; context={'day_only_matches': 0, 'observed_night_end': 'none', 'observed_night_start': 'none', 'session_exception_matches': 0}"
GFEX,PT,2026-01-15,night_authority_conflict,"session_authority_error: check=night_authority_conflict; reason=observed night interval conflicts with repository authority; row_identity={'exchange': 'GFEX', 'product': 'PT', 'trade_date': '2026-01-15'}; context={'day_only_matches': 0, 'observed_night_end': 'none', 'observed_night_start': 'none', 'session_exception_matches': 0}"
GFEX,PT,2026-01-16,night_authority_conflict,"session_authority_error: check=night_authority_conflict; reason=observed night interval conflicts with repository authority; row_identity={'exchange': 'GFEX', 'product': 'PT', 'trade_date': '2026-01-16'}; context={'day_only_matches': 0, 'observed_night_end': 'none', 'observed_night_start': 'none', 'session_exception_matches': 0}"
GFEX,PT,2026-01-19,night_authority_conflict,"session_authority_error: check=night_authority_conflict; reason=observed night interval conflicts with repository authority; row_identity={'exchange': 'GFEX', 'product': 'PT', 'trade_date': '2026-01-19'}; context={'day_only_matches': 0, 'observed_night_end': 'none', 'observed_night_start': 'none', 'session_exception_matches': 0}"
GFEX,PT,2026-01-20,night_authority_conflict,"session_authority_error: check=night_authority_conflict; reason=observed night interval conflicts with repository authority; row_identity={'exchange': 'GFEX', 'product': 'PT', 'trade_date': '2026-01-20'}; context={'day_only_matches': 0, 'observed_night_end': 'none', 'observed_night_start': 'none', 'session_exception_matches': 0}"
GFEX,PT,2026-01-21,night_authority_conflict,"session_authority_error: check=night_authority_conflict; reason=observed night interval conflicts with repository authority; row_identity={'exchange': 'GFEX', 'product': 'PT', 'trade_date': '2026-01-21'}; context={'day_only_matches': 0, 'observed_night_end': 'none', 'observed_night_start': 'none', 'session_exception_matches': 0}"
GFEX,PT,2026-01-22,night_authority_conflict,"session_authority_error: check=night_authority_conflict; reason=observed night interval conflicts with repository authority; row_identity={'exchange': 'GFEX', 'product': 'PT', 'trade_date': '2026-01-22'}; context={'day_only_matches': 0, 'observed_night_end': 'none', 'observed_night_start': 'none', 'session_exception_matches': 0}"
GFEX,PT,2026-01-23,night_authority_conflict,"session_authority_error: check=night_authority_conflict; reason=observed night interval conflicts with repository authority; row_identity={'exchange': 'GFEX', 'product': 'PT', 'trade_date': '2026-01-23'}; context={'day_only_matches': 0, 'observed_night_end': 'none', 'observed_night_start': 'none', 'session_exception_matches': 0}"
GFEX,PT,2026-01-26,night_authority_conflict,"session_authority_error: check=night_authority_conflict; reason=observed night interval conflicts with repository authority; row_identity={'exchange': 'GFEX', 'product': 'PT', 'trade_date': '2026-01-26'}; context={'day_only_matches': 0, 'observed_night_end': 'none', 'observed_night_start': 'none', 'session_exception_matches': 0}"
GFEX,PT,2026-01-27,night_authority_conflict,"session_authority_error: check=night_authority_conflict; reason=observed night interval conflicts with repository authority; row_identity={'exchange': 'GFEX', 'product': 'PT', 'trade_date': '2026-01-27'}; context={'day_only_matches': 0, 'observed_night_end': 'none', 'observed_night_start': 'none', 'session_exception_matches': 0}"
GFEX,PT,2026-01-28,night_authority_conflict,"session_authority_error: check=night_authority_conflict; reason=observed night interval conflicts with repository authority; row_identity={'exchange': 'GFEX', 'product': 'PT', 'trade_date': '2026-01-28'}; context={'day_only_matches': 0, 'observed_night_end': 'none', 'observed_night_start': 'none', 'session_exception_matches': 0}"
GFEX,PT,2026-01-29,night_authority_conflict,"session_authority_error: check=night_authority_conflict; reason=observed night interval conflicts with repository authority; row_identity={'exchange': 'GFEX', 'product': 'PT', 'trade_date': '2026-01-29'}; context={'day_only_matches': 0, 'observed_night_end': 'none', 'observed_night_start': 'none', 'session_exception_matches': 0}"
GFEX,PT,2026-01-30,night_authority_conflict,"session_authority_error: check=night_authority_conflict; reason=observed night interval conflicts with repository authority; row_identity={'exchange': 'GFEX', 'product': 'PT', 'trade_date': '2026-01-30'}; context={'day_only_matches': 0, 'observed_night_end': 'none', 'observed_night_start': 'none', 'session_exception_matches': 0}"
